,0
ALL_S_WELL_THAT_ENDS_WELL_ADAM,2466
ALL_S_WELL_THAT_ENDS_WELL_AEDILE,456
ALL_S_WELL_THAT_ENDS_WELL_AGRIPPA,1988
ALL_S_WELL_THAT_ENDS_WELL_ALEXAS,1068
ALL_S_WELL_THAT_ENDS_WELL_ALL,868
ALL_S_WELL_THAT_ENDS_WELL_ALL_THE_PEOPLE,49
ALL_S_WELL_THAT_ENDS_WELL_AMIENS,658
ALL_S_WELL_THAT_ENDS_WELL_ANTIPHOLUS_OF_EPHESUS,46
ALL_S_WELL_THAT_ENDS_WELL_ANTONY,31782
ALL_S_WELL_THAT_ENDS_WELL_ARVIRAGUS,4493
ALL_S_WELL_THAT_ENDS_WELL_AUDREY,699
ALL_S_WELL_THAT_ENDS_WELL_AUFIDIUS,10665
ALL_S_WELL_THAT_ENDS_WELL_BELARIUS,12384
ALL_S_WELL_THAT_ENDS_WELL_BOTH,299
ALL_S_WELL_THAT_ENDS_WELL_BOTH_TRIBUNES,90
ALL_S_WELL_THAT_ENDS_WELL_BROTHERS,181
ALL_S_WELL_THAT_ENDS_WELL_BRUTUS,8235
ALL_S_WELL_THAT_ENDS_WELL_CAESAR,14565
ALL_S_WELL_THAT_ENDS_WELL_CANIDIUS,913
ALL_S_WELL_THAT_ENDS_WELL_CAPTAIN,275
ALL_S_WELL_THAT_ENDS_WELL_CELIA,11095
ALL_S_WELL_THAT_ENDS_WELL_CENTURION,410
ALL_S_WELL_THAT_ENDS_WELL_CHARLES,1162
ALL_S_WELL_THAT_ENDS_WELL_CHARMIAN,3376
ALL_S_WELL_THAT_ENDS_WELL_CITIZEN,49
ALL_S_WELL_THAT_ENDS_WELL_CITIZENS,46
ALL_S_WELL_THAT_ENDS_WELL_CLEOPATRA,24390
ALL_S_WELL_THAT_ENDS_WELL_CLOTEN,9368
ALL_S_WELL_THAT_ENDS_WELL_CLOWN,802
ALL_S_WELL_THAT_ENDS_WELL_COMINIUS,10106
ALL_S_WELL_THAT_ENDS_WELL_CONSPIRATORS,140
ALL_S_WELL_THAT_ENDS_WELL_CORIN,2515
ALL_S_WELL_THAT_ENDS_WELL_CORIOLANUS,23537
ALL_S_WELL_THAT_ENDS_WELL_CORNELIUS,2167
ALL_S_WELL_THAT_ENDS_WELL_CYMBELINE,9225
ALL_S_WELL_THAT_ENDS_WELL_DEMETRIUS,158
ALL_S_WELL_THAT_ENDS_WELL_DENNIS,27
ALL_S_WELL_THAT_ENDS_WELL_DERCETAS,519
ALL_S_WELL_THAT_ENDS_WELL_DID_CALL_ME_BROTHER,146
ALL_S_WELL_THAT_ENDS_WELL_DIOMEDES,660
ALL_S_WELL_THAT_ENDS_WELL_DOLABELLA,1623
ALL_S_WELL_THAT_ENDS_WELL_DOTH_FOR_A_WIFE_ABHOR,20
ALL_S_WELL_THAT_ENDS_WELL_DROMIO_OF_EPHESUS,87
ALL_S_WELL_THAT_ENDS_WELL_DUKE_SENIOR,4584
ALL_S_WELL_THAT_ENDS_WELL_EGYPTIAN,193
ALL_S_WELL_THAT_ENDS_WELL_ENOBARBUS,12291
ALL_S_WELL_THAT_ENDS_WELL_EROS,1457
ALL_S_WELL_THAT_ENDS_WELL_EUPHRONIUS,827
ALL_S_WELL_THAT_ENDS_WELL_FIRST_BROTHER,225
ALL_S_WELL_THAT_ENDS_WELL_FIRST_CAPTAIN,110
ALL_S_WELL_THAT_ENDS_WELL_FIRST_CITIZEN,2756
ALL_S_WELL_THAT_ENDS_WELL_FIRST_CONSPIRATOR,257
ALL_S_WELL_THAT_ENDS_WELL_FIRST_GAOLER,30
ALL_S_WELL_THAT_ENDS_WELL_FIRST_GENTLEMAN,2371
ALL_S_WELL_THAT_ENDS_WELL_FIRST_GUARD,511
ALL_S_WELL_THAT_ENDS_WELL_FIRST_LORD,3070
ALL_S_WELL_THAT_ENDS_WELL_FIRST_OFFICER,782
ALL_S_WELL_THAT_ENDS_WELL_FIRST_PAGE,82
ALL_S_WELL_THAT_ENDS_WELL_FIRST_SENATOR,2482
ALL_S_WELL_THAT_ENDS_WELL_FIRST_SERVANT,1590
ALL_S_WELL_THAT_ENDS_WELL_FIRST_SOLDIER,660
ALL_S_WELL_THAT_ENDS_WELL_FIRST_WATCH,1251
ALL_S_WELL_THAT_ENDS_WELL_FOURTH_CITIZEN,192
ALL_S_WELL_THAT_ENDS_WELL_FREDERICK,2659
ALL_S_WELL_THAT_ENDS_WELL_FRENCHMAN,55
ALL_S_WELL_THAT_ENDS_WELL_GALLUS,245
ALL_S_WELL_THAT_ENDS_WELL_GAOLER,981
ALL_S_WELL_THAT_ENDS_WELL_GUARDSMAN,22
ALL_S_WELL_THAT_ENDS_WELL_GUIDERIUS,5022
ALL_S_WELL_THAT_ENDS_WELL_GUIDERIUS_AND_ARVIRAGUS,147
ALL_S_WELL_THAT_ENDS_WELL_HERALD,244
ALL_S_WELL_THAT_ENDS_WELL_HYMEN,30
ALL_S_WELL_THAT_ENDS_WELL_IACHIMO,13187
ALL_S_WELL_THAT_ENDS_WELL_IMOGEN,20483
ALL_S_WELL_THAT_ENDS_WELL_IRAS,751
ALL_S_WELL_THAT_ENDS_WELL_JAQUES,8942
ALL_S_WELL_THAT_ENDS_WELL_JAQUES_DE_BOYS,641
ALL_S_WELL_THAT_ENDS_WELL_JUPITER,41
ALL_S_WELL_THAT_ENDS_WELL_LADY,358
ALL_S_WELL_THAT_ENDS_WELL_LARTIUS,2191
ALL_S_WELL_THAT_ENDS_WELL_LEPIDUS,1605
ALL_S_WELL_THAT_ENDS_WELL_LE_BEAU,1853
ALL_S_WELL_THAT_ENDS_WELL_LIEUTENANT,265
ALL_S_WELL_THAT_ENDS_WELL_LORD,701
ALL_S_WELL_THAT_ENDS_WELL_LOVE,63
ALL_S_WELL_THAT_ENDS_WELL_LUCIUS,2898
ALL_S_WELL_THAT_ENDS_WELL_MAECENAS,957
ALL_S_WELL_THAT_ENDS_WELL_MARCIUS,8914
ALL_S_WELL_THAT_ENDS_WELL_MARDIAN,584
ALL_S_WELL_THAT_ENDS_WELL_MARTEXT,154
ALL_S_WELL_THAT_ENDS_WELL_MENAS,2328
ALL_S_WELL_THAT_ENDS_WELL_MENECRATES,178
ALL_S_WELL_THAT_ENDS_WELL_MENENIUS,21708
ALL_S_WELL_THAT_ENDS_WELL_MESSENGER,3363
ALL_S_WELL_THAT_ENDS_WELL_MOTHER,378
ALL_S_WELL_THAT_ENDS_WELL_OCTAVIA,777
ALL_S_WELL_THAT_ENDS_WELL_OF_EPHESUS,108
ALL_S_WELL_THAT_ENDS_WELL_OLIVER,5819
ALL_S_WELL_THAT_ENDS_WELL_ORLANDO,9200
ALL_S_WELL_THAT_ENDS_WELL_PATRICIANS,112
ALL_S_WELL_THAT_ENDS_WELL_PHEBE,3455
ALL_S_WELL_THAT_ENDS_WELL_PHILARIO,7606
ALL_S_WELL_THAT_ENDS_WELL_PHILO,114
ALL_S_WELL_THAT_ENDS_WELL_PISANIO,7514
ALL_S_WELL_THAT_ENDS_WELL_PLEBEIANS,565
ALL_S_WELL_THAT_ENDS_WELL_POMPEY,3874
ALL_S_WELL_THAT_ENDS_WELL_POSTHUMUS,15384
ALL_S_WELL_THAT_ENDS_WELL_PROCULEIUS,829
ALL_S_WELL_THAT_ENDS_WELL_QUEEN,4880
ALL_S_WELL_THAT_ENDS_WELL_ROMAN,1102
ALL_S_WELL_THAT_ENDS_WELL_ROSALIND,21905
ALL_S_WELL_THAT_ENDS_WELL_SCARUS,1416
ALL_S_WELL_THAT_ENDS_WELL_SECOND_BROTHER,36
ALL_S_WELL_THAT_ENDS_WELL_SECOND_CAPTAIN,241
ALL_S_WELL_THAT_ENDS_WELL_SECOND_CITIZEN,861
ALL_S_WELL_THAT_ENDS_WELL_SECOND_CONSPIRATOR,135
ALL_S_WELL_THAT_ENDS_WELL_SECOND_GENTLEMAN,229
ALL_S_WELL_THAT_ENDS_WELL_SECOND_GUARD,34
ALL_S_WELL_THAT_ENDS_WELL_SECOND_LORD,2244
ALL_S_WELL_THAT_ENDS_WELL_SECOND_MESSENGER,756
ALL_S_WELL_THAT_ENDS_WELL_SECOND_OFFICER,542
ALL_S_WELL_THAT_ENDS_WELL_SECOND_PAGE,88
ALL_S_WELL_THAT_ENDS_WELL_SECOND_SENATOR,304
ALL_S_WELL_THAT_ENDS_WELL_SECOND_SERVANT,1175
ALL_S_WELL_THAT_ENDS_WELL_SECOND_SOLDIER,277
ALL_S_WELL_THAT_ENDS_WELL_SECOND_WATCH,670
ALL_S_WELL_THAT_ENDS_WELL_SELEUCUS,124
ALL_S_WELL_THAT_ENDS_WELL_SENATORS,38
ALL_S_WELL_THAT_ENDS_WELL_SEVENTH_CITIZEN,45
ALL_S_WELL_THAT_ENDS_WELL_SICILIUS,1276
ALL_S_WELL_THAT_ENDS_WELL_SICINIUS,9304
ALL_S_WELL_THAT_ENDS_WELL_SILIUS,406
ALL_S_WELL_THAT_ENDS_WELL_SILVIUS,1922
ALL_S_WELL_THAT_ENDS_WELL_SOLDIER,1103
ALL_S_WELL_THAT_ENDS_WELL_SOLDIERS,107
ALL_S_WELL_THAT_ENDS_WELL_SOOTHSAYER,2840
ALL_S_WELL_THAT_ENDS_WELL_THIRD_CITIZEN,2100
ALL_S_WELL_THAT_ENDS_WELL_THIRD_CONSPIRATOR,235
ALL_S_WELL_THAT_ENDS_WELL_THIRD_ROMAN,40
ALL_S_WELL_THAT_ENDS_WELL_THIRD_SERVANT,1779
ALL_S_WELL_THAT_ENDS_WELL_THIRD_SOLDIER,248
ALL_S_WELL_THAT_ENDS_WELL_THIS_IS_THE_FAIRY_LAND,375
ALL_S_WELL_THAT_ENDS_WELL_THYREUS,1009
ALL_S_WELL_THAT_ENDS_WELL_TOUCHSTONE,10862
ALL_S_WELL_THAT_ENDS_WELL_TRIBUNE,85
ALL_S_WELL_THAT_ENDS_WELL_VALERIA,1609
ALL_S_WELL_THAT_ENDS_WELL_VARRIUS,102
ALL_S_WELL_THAT_ENDS_WELL_VENTIDIUS,1360
ALL_S_WELL_THAT_ENDS_WELL_VIRGILIA,1028
ALL_S_WELL_THAT_ENDS_WELL_VOLSCE,675
ALL_S_WELL_THAT_ENDS_WELL_VOLUMNIA,11670
ALL_S_WELL_THAT_ENDS_WELL_WILLIAM,215
MUCH_ADO_ABOUT_NOTHING_BIANCA,1376
MUCH_ADO_ABOUT_NOTHING_BRABANTIO,4772
MUCH_ADO_ABOUT_NOTHING_CASSIO,11057
MUCH_ADO_ABOUT_NOTHING_CLOWN,1019
MUCH_ADO_ABOUT_NOTHING_DESDEMONA,12958
MUCH_ADO_ABOUT_NOTHING_DUKE,2512
MUCH_ADO_ABOUT_NOTHING_EMILIA,9078
MUCH_ADO_ABOUT_NOTHING_FIRST_GENTLEMAN,57
MUCH_ADO_ABOUT_NOTHING_FIRST_MUSICIAN,85
MUCH_ADO_ABOUT_NOTHING_FIRST_OFFICER,135
MUCH_ADO_ABOUT_NOTHING_FIRST_SENATOR,419
MUCH_ADO_ABOUT_NOTHING_FOURTH_GENTLEMAN,47
MUCH_ADO_ABOUT_NOTHING_GRATIANO,579
MUCH_ADO_ABOUT_NOTHING_IAGO,42482
MUCH_ADO_ABOUT_NOTHING_LODOVICO,2841
MUCH_ADO_ABOUT_NOTHING_MESSENGER,175
MUCH_ADO_ABOUT_NOTHING_MONTANO,1982
MUCH_ADO_ABOUT_NOTHING_OTHELLO,32729
MUCH_ADO_ABOUT_NOTHING_RODERIGO,4288
MUCH_ADO_ABOUT_NOTHING_SAILOR,98
MUCH_ADO_ABOUT_NOTHING_SECOND_GENTLEMAN,495
MUCH_ADO_ABOUT_NOTHING_SECOND_SENATOR,43
MUCH_ADO_ABOUT_NOTHING_THIRD_GENTLEMAN,527
PERICLES__PRINCE_OF_TYRE_ABBOT,378
PERICLES__PRINCE_OF_TYRE_ALL,159
PERICLES__PRINCE_OF_TYRE_ANNE,5953
PERICLES__PRINCE_OF_TYRE_ANOTHER_LORD,47
PERICLES__PRINCE_OF_TYRE_ARCHBISHOP,488
PERICLES__PRINCE_OF_TYRE_AUMERLE,3522
PERICLES__PRINCE_OF_TYRE_BAGOT,815
PERICLES__PRINCE_OF_TYRE_BERKELEY,335
PERICLES__PRINCE_OF_TYRE_BISHOP_OF_ELY,213
PERICLES__PRINCE_OF_TYRE_BLUNT,296
PERICLES__PRINCE_OF_TYRE_BOLINGBROKE,15901
PERICLES__PRINCE_OF_TYRE_BRAKENBURY,1025
PERICLES__PRINCE_OF_TYRE_BUCKINGHAM,14252
PERICLES__PRINCE_OF_TYRE_BUSHY,1499
PERICLES__PRINCE_OF_TYRE_CAPTAIN,646
PERICLES__PRINCE_OF_TYRE_CARDINAL,332
PERICLES__PRINCE_OF_TYRE_CARLISLE,1157
PERICLES__PRINCE_OF_TYRE_CATESBY,2175
PERICLES__PRINCE_OF_TYRE_CHILDREN,129
PERICLES__PRINCE_OF_TYRE_CHRISTOPHER,209
PERICLES__PRINCE_OF_TYRE_CLARENCE,6402
PERICLES__PRINCE_OF_TYRE_DAUGHTER,133
PERICLES__PRINCE_OF_TYRE_DERBY,2020
PERICLES__PRINCE_OF_TYRE_DORSET,631
PERICLES__PRINCE_OF_TYRE_DUCHESS,11380
PERICLES__PRINCE_OF_TYRE_EXTON,886
PERICLES__PRINCE_OF_TYRE_FIRST_CITIZEN,252
PERICLES__PRINCE_OF_TYRE_FIRST_HERALD,219
PERICLES__PRINCE_OF_TYRE_FIRST_MURDERER,2360
PERICLES__PRINCE_OF_TYRE_FITZWATER,1095
PERICLES__PRINCE_OF_TYRE_FOURTH_MESSENGER,33
PERICLES__PRINCE_OF_TYRE_GARDENER,1790
PERICLES__PRINCE_OF_TYRE_GAUNT,7015
PERICLES__PRINCE_OF_TYRE_GHOST,1980
PERICLES__PRINCE_OF_TYRE_GHOSTS,384
PERICLES__PRINCE_OF_TYRE_GHOST_OF_RIVERS,38
PERICLES__PRINCE_OF_TYRE_GHOST_OF_VAUGHAN,34
PERICLES__PRINCE_OF_TYRE_GLOUCESTER,27674
PERICLES__PRINCE_OF_TYRE_GREEN,1229
PERICLES__PRINCE_OF_TYRE_GREY,395
PERICLES__PRINCE_OF_TYRE_GROOM,493
PERICLES__PRINCE_OF_TYRE_HASTINGS,5721
PERICLES__PRINCE_OF_TYRE_KEEPER,554
PERICLES__PRINCE_OF_TYRE_KING_EDWARD,2649
PERICLES__PRINCE_OF_TYRE_KING_RICHARD,48904
PERICLES__PRINCE_OF_TYRE_LADY,119
PERICLES__PRINCE_OF_TYRE_LOVEL,81
PERICLES__PRINCE_OF_TYRE_MARSHAL,1076
PERICLES__PRINCE_OF_TYRE_MAYOR,627
PERICLES__PRINCE_OF_TYRE_MESSENGER,1204
PERICLES__PRINCE_OF_TYRE_MOWBRAY,5043
PERICLES__PRINCE_OF_TYRE_NORFOLK,363
PERICLES__PRINCE_OF_TYRE_NORTHUMBERLAND,4714
PERICLES__PRINCE_OF_TYRE_OXFORD,41
PERICLES__PRINCE_OF_TYRE_PAGE,197
PERICLES__PRINCE_OF_TYRE_PERCY,1477
PERICLES__PRINCE_OF_TYRE_PRIEST,77
PERICLES__PRINCE_OF_TYRE_PRINCE,1530
PERICLES__PRINCE_OF_TYRE_PURSUIVANT,132
PERICLES__PRINCE_OF_TYRE_QUEEN,4643
PERICLES__PRINCE_OF_TYRE_QUEEN_ELIZABETH,10752
PERICLES__PRINCE_OF_TYRE_QUEEN_MARGARET,8761
PERICLES__PRINCE_OF_TYRE_RATCLIFF,1411
PERICLES__PRINCE_OF_TYRE_RICHMOND,3994
PERICLES__PRINCE_OF_TYRE_RIVERS,1835
PERICLES__PRINCE_OF_TYRE_ROSS,785
PERICLES__PRINCE_OF_TYRE_SALISBURY,806
PERICLES__PRINCE_OF_TYRE_SCRIVENER,49
PERICLES__PRINCE_OF_TYRE_SCROOP,1537
PERICLES__PRINCE_OF_TYRE_SECOND_CITIZEN,531
PERICLES__PRINCE_OF_TYRE_SECOND_HERALD,235
PERICLES__PRINCE_OF_TYRE_SECOND_MESSENGER,39
PERICLES__PRINCE_OF_TYRE_SECOND_MURDERER,2037
PERICLES__PRINCE_OF_TYRE_SERVANT,390
PERICLES__PRINCE_OF_TYRE_SERVINGMAN,206
PERICLES__PRINCE_OF_TYRE_SON,579
PERICLES__PRINCE_OF_TYRE_STANLEY,2348
PERICLES__PRINCE_OF_TYRE_SURREY,437
PERICLES__PRINCE_OF_TYRE_THIRD_CITIZEN,729
PERICLES__PRINCE_OF_TYRE_THIRD_MESSENGER,125
PERICLES__PRINCE_OF_TYRE_TYRREL,1548
PERICLES__PRINCE_OF_TYRE_WILLOUGHBY,548
PERICLES__PRINCE_OF_TYRE_YORK,13256
THE_FIRST_PART_OF_KING_HENRY_THE_FOURTH_ABERGAVENNY,438
THE_FIRST_PART_OF_KING_HENRY_THE_FOURTH_ALENCON,1741
THE_FIRST_PART_OF_KING_HENRY_THE_FOURTH_ALICE,814
THE_FIRST_PART_OF_KING_HENRY_THE_FOURTH_ALL,602
THE_FIRST_PART_OF_KING_HENRY_THE_FOURTH_AMBASSADOR,178
THE_FIRST_PART_OF_KING_HENRY_THE_FOURTH_ANNE,1265
THE_FIRST_PART_OF_KING_HENRY_THE_FOURTH_ARCHBISHOP,4500
THE_FIRST_PART_OF_KING_HENRY_THE_FOURTH_ARTHUR,4848
THE_FIRST_PART_OF_KING_HENRY_THE_FOURTH_AUSTRIA,1316
THE_FIRST_PART_OF_KING_HENRY_THE_FOURTH_BARDOLPH,2728
THE_FIRST_PART_OF_KING_HENRY_THE_FOURTH_BASSET,979
THE_FIRST_PART_OF_KING_HENRY_THE_FOURTH_BASTARD,21454
THE_FIRST_PART_OF_KING_HENRY_THE_FOURTH_BATES,631
THE_FIRST_PART_OF_KING_HENRY_THE_FOURTH_BEDFORD,3186
THE_FIRST_PART_OF_KING_HENRY_THE_FOURTH_BIGOT,267
THE_FIRST_PART_OF_KING_HENRY_THE_FOURTH_BLANCH,1633
THE_FIRST_PART_OF_KING_HENRY_THE_FOURTH_BOLINGBROKE,1272
THE_FIRST_PART_OF_KING_HENRY_THE_FOURTH_BONA,217
THE_FIRST_PART_OF_KING_HENRY_THE_FOURTH_BOTH,109
THE_FIRST_PART_OF_KING_HENRY_THE_FOURTH_BOURBON,339
THE_FIRST_PART_OF_KING_HENRY_THE_FOURTH_BOY,3400
THE_FIRST_PART_OF_KING_HENRY_THE_FOURTH_BRANDON,430
THE_FIRST_PART_OF_KING_HENRY_THE_FOURTH_BRITAINE,316
THE_FIRST_PART_OF_KING_HENRY_THE_FOURTH_BUCKINGHAM,9916
THE_FIRST_PART_OF_KING_HENRY_THE_FOURTH_BULLCALF,542
THE_FIRST_PART_OF_KING_HENRY_THE_FOURTH_BURGUNDY,2703
THE_FIRST_PART_OF_KING_HENRY_THE_FOURTH_BUTTS,318
THE_FIRST_PART_OF_KING_HENRY_THE_FOURTH_CADE,8825
THE_FIRST_PART_OF_KING_HENRY_THE_FOURTH_CAMBRIDGE,379
THE_FIRST_PART_OF_KING_HENRY_THE_FOURTH_CAMPEIUS,1845
THE_FIRST_PART_OF_KING_HENRY_THE_FOURTH_CANTERBURY,2957
THE_FIRST_PART_OF_KING_HENRY_THE_FOURTH_CAPTAIN,401
THE_FIRST_PART_OF_KING_HENRY_THE_FOURTH_CAPUCIUS,339
THE_FIRST_PART_OF_KING_HENRY_THE_FOURTH_CARDINAL,4858
THE_FIRST_PART_OF_KING_HENRY_THE_FOURTH_CHAMBERLAIN,5663
THE_FIRST_PART_OF_KING_HENRY_THE_FOURTH_CHANCELLOR,1099
THE_FIRST_PART_OF_KING_HENRY_THE_FOURTH_CHARLES,5965
THE_FIRST_PART_OF_KING_HENRY_THE_FOURTH_CHATILLON,1643
THE_FIRST_PART_OF_KING_HENRY_THE_FOURTH_CHIEF_JUSTICE,3527
THE_FIRST_PART_OF_KING_HENRY_THE_FOURTH_CHORUS,6768
THE_FIRST_PART_OF_KING_HENRY_THE_FOURTH_CITIZEN,2319
THE_FIRST_PART_OF_KING_HENRY_THE_FOURTH_CLARENCE,4303
THE_FIRST_PART_OF_KING_HENRY_THE_FOURTH_CLERK,74
THE_FIRST_PART_OF_KING_HENRY_THE_FOURTH_CLIFFORD,7119
THE_FIRST_PART_OF_KING_HENRY_THE_FOURTH_COLVILLE,264
THE_FIRST_PART_OF_KING_HENRY_THE_FOURTH_COMMONS,58
THE_FIRST_PART_OF_KING_HENRY_THE_FOURTH_CONSTABLE,4065
THE_FIRST_PART_OF_KING_HENRY_THE_FOURTH_CONSTANCE,9413
THE_FIRST_PART_OF_KING_HENRY_THE_FOURTH_COUNTESS,1992
THE_FIRST_PART_OF_KING_HENRY_THE_FOURTH_CRANMER,5231
THE_FIRST_PART_OF_KING_HENRY_THE_FOURTH_CRIER,57
THE_FIRST_PART_OF_KING_HENRY_THE_FOURTH_CROMWELL,1394
THE_FIRST_PART_OF_KING_HENRY_THE_FOURTH_DAUPHIN,3917
THE_FIRST_PART_OF_KING_HENRY_THE_FOURTH_DAVY,1419
THE_FIRST_PART_OF_KING_HENRY_THE_FOURTH_DENNY,81
THE_FIRST_PART_OF_KING_HENRY_THE_FOURTH_DICK,1191
THE_FIRST_PART_OF_KING_HENRY_THE_FOURTH_DOLL,3005
THE_FIRST_PART_OF_KING_HENRY_THE_FOURTH_DUCHESS,4980
THE_FIRST_PART_OF_KING_HENRY_THE_FOURTH_EDWARD,5390
THE_FIRST_PART_OF_KING_HENRY_THE_FOURTH_ELINOR,2130
THE_FIRST_PART_OF_KING_HENRY_THE_FOURTH_ELY,40
THE_FIRST_PART_OF_KING_HENRY_THE_FOURTH_ENGLISH_HERALD,45
THE_FIRST_PART_OF_KING_HENRY_THE_FOURTH_ERPINGHAM,351
THE_FIRST_PART_OF_KING_HENRY_THE_FOURTH_ESSEX,43
THE_FIRST_PART_OF_KING_HENRY_THE_FOURTH_EXECUTIONER,84
THE_FIRST_PART_OF_KING_HENRY_THE_FOURTH_EXETER,8881
THE_FIRST_PART_OF_KING_HENRY_THE_FOURTH_FALSTAFF,23041
THE_FIRST_PART_OF_KING_HENRY_THE_FOURTH_FANG,233
THE_FIRST_PART_OF_KING_HENRY_THE_FOURTH_FASTOLFE,258
THE_FIRST_PART_OF_KING_HENRY_THE_FOURTH_FATHER,1153
THE_FIRST_PART_OF_KING_HENRY_THE_FOURTH_FEEBLE,442
THE_FIRST_PART_OF_KING_HENRY_THE_FOURTH_FIRST_BEADLE,361
THE_FIRST_PART_OF_KING_HENRY_THE_FOURTH_FIRST_CITIZEN,148
THE_FIRST_PART_OF_KING_HENRY_THE_FOURTH_FIRST_GENTLEMAN,3225
THE_FIRST_PART_OF_KING_HENRY_THE_FOURTH_FIRST_KEEPER,745
THE_FIRST_PART_OF_KING_HENRY_THE_FOURTH_FIRST_MURDERER,112
THE_FIRST_PART_OF_KING_HENRY_THE_FOURTH_FIRST_NEIGHBOUR,50
THE_FIRST_PART_OF_KING_HENRY_THE_FOURTH_FIRST_PETITIONER,356
THE_FIRST_PART_OF_KING_HENRY_THE_FOURTH_FIRST_SENTINEL,46
THE_FIRST_PART_OF_KING_HENRY_THE_FOURTH_FIRST_SOLDIER,43
THE_FIRST_PART_OF_KING_HENRY_THE_FOURTH_FIRST_WARDER,102
THE_FIRST_PART_OF_KING_HENRY_THE_FOURTH_FIRST_WATCHMAN,275
THE_FIRST_PART_OF_KING_HENRY_THE_FOURTH_FLUELLEN,11749
THE_FIRST_PART_OF_KING_HENRY_THE_FOURTH_FRANCIS,434
THE_FIRST_PART_OF_KING_HENRY_THE_FOURTH_FRENCH_HERALD,507
THE_FIRST_PART_OF_KING_HENRY_THE_FOURTH_FRENCH_KING,3722
THE_FIRST_PART_OF_KING_HENRY_THE_FOURTH_FRENCH_SOLDIER,516
THE_FIRST_PART_OF_KING_HENRY_THE_FOURTH_GARDINER,2989
THE_FIRST_PART_OF_KING_HENRY_THE_FOURTH_GARGRAVE,86
THE_FIRST_PART_OF_KING_HENRY_THE_FOURTH_GARTER,61
THE_FIRST_PART_OF_KING_HENRY_THE_FOURTH_GENERAL_OF_THE_FRENCH,31
THE_FIRST_PART_OF_KING_HENRY_THE_FOURTH_GENTLEMAN,98
THE_FIRST_PART_OF_KING_HENRY_THE_FOURTH_GEORGE,1436
THE_FIRST_PART_OF_KING_HENRY_THE_FOURTH_GLOUCESTER,30092
THE_FIRST_PART_OF_KING_HENRY_THE_FOURTH_GOVERNOR,37
THE_FIRST_PART_OF_KING_HENRY_THE_FOURTH_GOWER,3080
THE_FIRST_PART_OF_KING_HENRY_THE_FOURTH_GRANDPRE,764
THE_FIRST_PART_OF_KING_HENRY_THE_FOURTH_GREY,283
THE_FIRST_PART_OF_KING_HENRY_THE_FOURTH_GRIFFITH,3055
THE_FIRST_PART_OF_KING_HENRY_THE_FOURTH_GUILDFORD,407
THE_FIRST_PART_OF_KING_HENRY_THE_FOURTH_HARCOURT,38
THE_FIRST_PART_OF_KING_HENRY_THE_FOURTH_HASTINGS,2861
THE_FIRST_PART_OF_KING_HENRY_THE_FOURTH_HERALD,90
THE_FIRST_PART_OF_KING_HENRY_THE_FOURTH_HORNER,563
THE_FIRST_PART_OF_KING_HENRY_THE_FOURTH_HOSTESS,7145
THE_FIRST_PART_OF_KING_HENRY_THE_FOURTH_HUBERT,5185
THE_FIRST_PART_OF_KING_HENRY_THE_FOURTH_HUME,1301
THE_FIRST_PART_OF_KING_HENRY_THE_FOURTH_HUNTSMAN,84
THE_FIRST_PART_OF_KING_HENRY_THE_FOURTH_IDEN,1903
THE_FIRST_PART_OF_KING_HENRY_THE_FOURTH_JAMY,449
THE_FIRST_PART_OF_KING_HENRY_THE_FOURTH_JOHN,2619
THE_FIRST_PART_OF_KING_HENRY_THE_FOURTH_JUSTICE,166
THE_FIRST_PART_OF_KING_HENRY_THE_FOURTH_KATHARINE,3743
THE_FIRST_PART_OF_KING_HENRY_THE_FOURTH_KATHERINE,2162
THE_FIRST_PART_OF_KING_HENRY_THE_FOURTH_KEEPER,218
THE_FIRST_PART_OF_KING_HENRY_THE_FOURTH_KING,39512
THE_FIRST_PART_OF_KING_HENRY_THE_FOURTH_KING_EDWARD,13914
THE_FIRST_PART_OF_KING_HENRY_THE_FOURTH_KING_HENRY,68965
THE_FIRST_PART_OF_KING_HENRY_THE_FOURTH_KING_JOHN,16543
THE_FIRST_PART_OF_KING_HENRY_THE_FOURTH_KING_PHILIP,8337
THE_FIRST_PART_OF_KING_HENRY_THE_FOURTH_LADY_FAULCONBRIDGE,563
THE_FIRST_PART_OF_KING_HENRY_THE_FOURTH_LADY_GREY,1597
THE_FIRST_PART_OF_KING_HENRY_THE_FOURTH_LADY_NORTHUMBERLAND,128
THE_FIRST_PART_OF_KING_HENRY_THE_FOURTH_LADY_PERCY,1601
THE_FIRST_PART_OF_KING_HENRY_THE_FOURTH_LAWYER,150
THE_FIRST_PART_OF_KING_HENRY_THE_FOURTH_LEWIS,6812
THE_FIRST_PART_OF_KING_HENRY_THE_FOURTH_LIEUTENANT,2207
THE_FIRST_PART_OF_KING_HENRY_THE_FOURTH_LINCOLN,258
THE_FIRST_PART_OF_KING_HENRY_THE_FOURTH_LORD_BARDOLPH,3345
THE_FIRST_PART_OF_KING_HENRY_THE_FOURTH_LOVELL,2144
THE_FIRST_PART_OF_KING_HENRY_THE_FOURTH_LUCY,2516
THE_FIRST_PART_OF_KING_HENRY_THE_FOURTH_MACMORRIS,910
THE_FIRST_PART_OF_KING_HENRY_THE_FOURTH_MAN,1672
THE_FIRST_PART_OF_KING_HENRY_THE_FOURTH_MARGARET,1134
THE_FIRST_PART_OF_KING_HENRY_THE_FOURTH_MARGERY_JOURDAIN,7
THE_FIRST_PART_OF_KING_HENRY_THE_FOURTH_MAYOR,1450
THE_FIRST_PART_OF_KING_HENRY_THE_FOURTH_MELUN,528
THE_FIRST_PART_OF_KING_HENRY_THE_FOURTH_MESSENGER,6126
THE_FIRST_PART_OF_KING_HENRY_THE_FOURTH_MICHAEL,112
THE_FIRST_PART_OF_KING_HENRY_THE_FOURTH_MONTAGUE,642
THE_FIRST_PART_OF_KING_HENRY_THE_FOURTH_MONTGOMERY,523
THE_FIRST_PART_OF_KING_HENRY_THE_FOURTH_MONTJOY,1643
THE_FIRST_PART_OF_KING_HENRY_THE_FOURTH_MORTIMER,2965
THE_FIRST_PART_OF_KING_HENRY_THE_FOURTH_MORTON,3376
THE_FIRST_PART_OF_KING_HENRY_THE_FOURTH_MOULDY,446
THE_FIRST_PART_OF_KING_HENRY_THE_FOURTH_MOWBRAY,2233
THE_FIRST_PART_OF_KING_HENRY_THE_FOURTH_NOBLEMAN,41
THE_FIRST_PART_OF_KING_HENRY_THE_FOURTH_NORFOLK,7978
THE_FIRST_PART_OF_KING_HENRY_THE_FOURTH_NORTHUMBERLAND,5456
THE_FIRST_PART_OF_KING_HENRY_THE_FOURTH_NYM,1997
THE_FIRST_PART_OF_KING_HENRY_THE_FOURTH_OFFICER,322
THE_FIRST_PART_OF_KING_HENRY_THE_FOURTH_OLD_LADY,2212
THE_FIRST_PART_OF_KING_HENRY_THE_FOURTH_ORLEANS,1498
THE_FIRST_PART_OF_KING_HENRY_THE_FOURTH_OXFORD,1604
THE_FIRST_PART_OF_KING_HENRY_THE_FOURTH_PAGE,852
THE_FIRST_PART_OF_KING_HENRY_THE_FOURTH_PANDULPH,6648
THE_FIRST_PART_OF_KING_HENRY_THE_FOURTH_PATIENCE,162
THE_FIRST_PART_OF_KING_HENRY_THE_FOURTH_PEMBROKE,3056
THE_FIRST_PART_OF_KING_HENRY_THE_FOURTH_PETER,751
THE_FIRST_PART_OF_KING_HENRY_THE_FOURTH_PETO,39
THE_FIRST_PART_OF_KING_HENRY_THE_FOURTH_PISTOL,8558
THE_FIRST_PART_OF_KING_HENRY_THE_FOURTH_PLANTAGENET,3761
THE_FIRST_PART_OF_KING_HENRY_THE_FOURTH_POINS,2143
THE_FIRST_PART_OF_KING_HENRY_THE_FOURTH_PORTER,1231
THE_FIRST_PART_OF_KING_HENRY_THE_FOURTH_POST,515
THE_FIRST_PART_OF_KING_HENRY_THE_FOURTH_PRINCE,8447
THE_FIRST_PART_OF_KING_HENRY_THE_FOURTH_PRINCE_HENRY,1145
THE_FIRST_PART_OF_KING_HENRY_THE_FOURTH_PRINCE_HUMPHREY,317
THE_FIRST_PART_OF_KING_HENRY_THE_FOURTH_PRINCE_JOHN,4168
THE_FIRST_PART_OF_KING_HENRY_THE_FOURTH_PRINCE_OF_WALES,1837
THE_FIRST_PART_OF_KING_HENRY_THE_FOURTH_PUCELLE,10830
THE_FIRST_PART_OF_KING_HENRY_THE_FOURTH_QUEEN,13075
THE_FIRST_PART_OF_KING_HENRY_THE_FOURTH_QUEEN_ELIZABETH,1524
THE_FIRST_PART_OF_KING_HENRY_THE_FOURTH_QUEEN_ISABEL,674
THE_FIRST_PART_OF_KING_HENRY_THE_FOURTH_QUEEN_KATHARINE,8354
THE_FIRST_PART_OF_KING_HENRY_THE_FOURTH_QUEEN_MARGARET,10088
THE_FIRST_PART_OF_KING_HENRY_THE_FOURTH_RAMBURES,350
THE_FIRST_PART_OF_KING_HENRY_THE_FOURTH_REIGN,62
THE_FIRST_PART_OF_KING_HENRY_THE_FOURTH_REIGNIER,1852
THE_FIRST_PART_OF_KING_HENRY_THE_FOURTH_RICHARD,7442
THE_FIRST_PART_OF_KING_HENRY_THE_FOURTH_RIVERS,247
THE_FIRST_PART_OF_KING_HENRY_THE_FOURTH_ROBERT,860
THE_FIRST_PART_OF_KING_HENRY_THE_FOURTH_RUMOUR,42
THE_FIRST_PART_OF_KING_HENRY_THE_FOURTH_RUTLAND,906
THE_FIRST_PART_OF_KING_HENRY_THE_FOURTH_SALISBURY,10886
THE_FIRST_PART_OF_KING_HENRY_THE_FOURTH_SANDYS,1676
THE_FIRST_PART_OF_KING_HENRY_THE_FOURTH_SAY,1970
THE_FIRST_PART_OF_KING_HENRY_THE_FOURTH_SCALES,70
THE_FIRST_PART_OF_KING_HENRY_THE_FOURTH_SCOUT,116
THE_FIRST_PART_OF_KING_HENRY_THE_FOURTH_SCRIBE,54
THE_FIRST_PART_OF_KING_HENRY_THE_FOURTH_SCROOP,364
THE_FIRST_PART_OF_KING_HENRY_THE_FOURTH_SECOND_DRAWER,156
THE_FIRST_PART_OF_KING_HENRY_THE_FOURTH_SECOND_GENTLEMAN,3826
THE_FIRST_PART_OF_KING_HENRY_THE_FOURTH_SECOND_KEEPER,564
THE_FIRST_PART_OF_KING_HENRY_THE_FOURTH_SECOND_MESSENGER,552
THE_FIRST_PART_OF_KING_HENRY_THE_FOURTH_SECOND_MURDERER,72
THE_FIRST_PART_OF_KING_HENRY_THE_FOURTH_SECOND_PETITIONER,172
THE_FIRST_PART_OF_KING_HENRY_THE_FOURTH_SECOND_WATCHMAN,459
THE_FIRST_PART_OF_KING_HENRY_THE_FOURTH_SERGEANT,166
THE_FIRST_PART_OF_KING_HENRY_THE_FOURTH_SERVANT,70
THE_FIRST_PART_OF_KING_HENRY_THE_FOURTH_SHALLOW,7094
THE_FIRST_PART_OF_KING_HENRY_THE_FOURTH_SHEPHERD,816
THE_FIRST_PART_OF_KING_HENRY_THE_FOURTH_SHERIFF,167
THE_FIRST_PART_OF_KING_HENRY_THE_FOURTH_SILENCE,1190
THE_FIRST_PART_OF_KING_HENRY_THE_FOURTH_SIMPCOX,923
THE_FIRST_PART_OF_KING_HENRY_THE_FOURTH_SMITH,575
THE_FIRST_PART_OF_KING_HENRY_THE_FOURTH_SOLDIER,417
THE_FIRST_PART_OF_KING_HENRY_THE_FOURTH_SOMERSET,5006
THE_FIRST_PART_OF_KING_HENRY_THE_FOURTH_SOMERVILLE,329
THE_FIRST_PART_OF_KING_HENRY_THE_FOURTH_SON,927
THE_FIRST_PART_OF_KING_HENRY_THE_FOURTH_SPIRIT,230
THE_FIRST_PART_OF_KING_HENRY_THE_FOURTH_STAFFORD,651
THE_FIRST_PART_OF_KING_HENRY_THE_FOURTH_STANLEY,219
THE_FIRST_PART_OF_KING_HENRY_THE_FOURTH_SUFFOLK,22495
THE_FIRST_PART_OF_KING_HENRY_THE_FOURTH_SURREY,2456
THE_FIRST_PART_OF_KING_HENRY_THE_FOURTH_SURVEYOR,2064
THE_FIRST_PART_OF_KING_HENRY_THE_FOURTH_TALBOT,18135
THE_FIRST_PART_OF_KING_HENRY_THE_FOURTH_THIRD_DRAWER,122
THE_FIRST_PART_OF_KING_HENRY_THE_FOURTH_THIRD_GENTLEMAN,1356
THE_FIRST_PART_OF_KING_HENRY_THE_FOURTH_THIRD_GROOM,44
THE_FIRST_PART_OF_KING_HENRY_THE_FOURTH_THIRD_MESSENGER,1761
THE_FIRST_PART_OF_KING_HENRY_THE_FOURTH_THIRD_WATCHMAN,242
THE_FIRST_PART_OF_KING_HENRY_THE_FOURTH_TOWNSMAN,132
THE_FIRST_PART_OF_KING_HENRY_THE_FOURTH_TRAVERS,581
THE_FIRST_PART_OF_KING_HENRY_THE_FOURTH_TUTOR,146
THE_FIRST_PART_OF_KING_HENRY_THE_FOURTH_VAUX,461
THE_FIRST_PART_OF_KING_HENRY_THE_FOURTH_VERNON,1068
THE_FIRST_PART_OF_KING_HENRY_THE_FOURTH_WARWICK,29608
THE_FIRST_PART_OF_KING_HENRY_THE_FOURTH_WESTMORELAND,5849
THE_FIRST_PART_OF_KING_HENRY_THE_FOURTH_WHITMORE,430
THE_FIRST_PART_OF_KING_HENRY_THE_FOURTH_WIFE,200
THE_FIRST_PART_OF_KING_HENRY_THE_FOURTH_WILLIAMS,2879
THE_FIRST_PART_OF_KING_HENRY_THE_FOURTH_WILLIAM_STAFFORD,187
THE_FIRST_PART_OF_KING_HENRY_THE_FOURTH_WINCHESTER,2995
THE_FIRST_PART_OF_KING_HENRY_THE_FOURTH_WOLSEY,14223
THE_FIRST_PART_OF_KING_HENRY_THE_FOURTH_WOODVILLE,184
THE_FIRST_PART_OF_KING_HENRY_THE_FOURTH_YORK,28053
THE_FIRST_PART_OF_KING_HENRY_THE_FOURTH_YOUNG_CLIFFORD,1987
THE_TAMING_OF_THE_SHREW_ADRIAN,346
THE_TAMING_OF_THE_SHREW_ALCIBIADES,3586
THE_TAMING_OF_THE_SHREW_ALL_SERVANTS,107
THE_TAMING_OF_THE_SHREW_ALONSO,3847
THE_TAMING_OF_THE_SHREW_ANTONIO,4370
THE_TAMING_OF_THE_SHREW_APEMANTUS,8401
THE_TAMING_OF_THE_SHREW_ARIEL,6525
THE_TAMING_OF_THE_SHREW_BANDITTI,91
THE_TAMING_OF_THE_SHREW_BASSIANUS,541
THE_TAMING_OF_THE_SHREW_BOATSWAIN,1667
THE_TAMING_OF_THE_SHREW_BOTH,167
THE_TAMING_OF_THE_SHREW_CALIBAN,5295
THE_TAMING_OF_THE_SHREW_CAPHIS,690
THE_TAMING_OF_THE_SHREW_CAPTAIN,38
THE_TAMING_OF_THE_SHREW_CERES,556
THE_TAMING_OF_THE_SHREW_CUPID,38
THE_TAMING_OF_THE_SHREW_FERDINAND,4559
THE_TAMING_OF_THE_SHREW_FIRST_BANDIT,480
THE_TAMING_OF_THE_SHREW_FIRST_LORD,1458
THE_TAMING_OF_THE_SHREW_FIRST_SENATOR,3028
THE_TAMING_OF_THE_SHREW_FIRST_SERVANT,154
THE_TAMING_OF_THE_SHREW_FIRST_STRANGER,1188
THE_TAMING_OF_THE_SHREW_FLAMINIUS,638
THE_TAMING_OF_THE_SHREW_FLAVIUS,7717
THE_TAMING_OF_THE_SHREW_FOOL,872
THE_TAMING_OF_THE_SHREW_FOURTH_LORD,125
THE_TAMING_OF_THE_SHREW_FRANCISCO,419
THE_TAMING_OF_THE_SHREW_GONZALO,6035
THE_TAMING_OF_THE_SHREW_HORTENSIUS,668
THE_TAMING_OF_THE_SHREW_IRIS,2079
THE_TAMING_OF_THE_SHREW_JEWELLER,164
THE_TAMING_OF_THE_SHREW_JUNO,185
THE_TAMING_OF_THE_SHREW_LUCILIUS,112
THE_TAMING_OF_THE_SHREW_LUCIUS,1362
THE_TAMING_OF_THE_SHREW_LUCULLIUS,54
THE_TAMING_OF_THE_SHREW_LUCULLUS,790
THE_TAMING_OF_THE_SHREW_MARCUS,47
THE_TAMING_OF_THE_SHREW_MASTER,144
THE_TAMING_OF_THE_SHREW_MERCHANT,285
THE_TAMING_OF_THE_SHREW_MESSENGER,775
THE_TAMING_OF_THE_SHREW_MIRANDA,4483
THE_TAMING_OF_THE_SHREW_OLD_ATHENIAN,988
THE_TAMING_OF_THE_SHREW_PAGE,249
THE_TAMING_OF_THE_SHREW_PAINTER,2455
THE_TAMING_OF_THE_SHREW_PHILOTUS,342
THE_TAMING_OF_THE_SHREW_PHRYNIA_AND_TIMANDRA,80
THE_TAMING_OF_THE_SHREW_POET,3698
THE_TAMING_OF_THE_SHREW_PROSPERO,24488
THE_TAMING_OF_THE_SHREW_SATURNINUS,421
THE_TAMING_OF_THE_SHREW_SEBASTIAN,3742
THE_TAMING_OF_THE_SHREW_SECOND_BANDIT,120
THE_TAMING_OF_THE_SHREW_SECOND_LORD,1292
THE_TAMING_OF_THE_SHREW_SECOND_SENATOR,2085
THE_TAMING_OF_THE_SHREW_SECOND_SERVANT,387
THE_TAMING_OF_THE_SHREW_SECOND_STRANGER,61
THE_TAMING_OF_THE_SHREW_SEMPRONIUS,917
THE_TAMING_OF_THE_SHREW_SENATOR,759
THE_TAMING_OF_THE_SHREW_SERVANT,986
THE_TAMING_OF_THE_SHREW_SERVILIUS,713
THE_TAMING_OF_THE_SHREW_SOLDIER,1596
THE_TAMING_OF_THE_SHREW_STEPHANO,6141
THE_TAMING_OF_THE_SHREW_TAKE_IN_THE_TOPSAIL,87
THE_TAMING_OF_THE_SHREW_TAMORA,40
THE_TAMING_OF_THE_SHREW_THIRD_BANDIT,154
THE_TAMING_OF_THE_SHREW_THIRD_LORD,345
THE_TAMING_OF_THE_SHREW_THIRD_SENATOR,162
THE_TAMING_OF_THE_SHREW_THIRD_SERVANT,199
THE_TAMING_OF_THE_SHREW_TIMANDRA,88
THE_TAMING_OF_THE_SHREW_TIMON,29405
THE_TAMING_OF_THE_SHREW_TITUS,1727
THE_TAMING_OF_THE_SHREW_TRINCULO,3623
THE_TAMING_OF_THE_SHREW_VENTIDIUS,20
THE_TRAGEDY_OF_KING_LEAR_ABHORSON,676
THE_TRAGEDY_OF_KING_LEAR_ALL,919
THE_TRAGEDY_OF_KING_LEAR_ANGELO,11993
THE_TRAGEDY_OF_KING_LEAR_ANGUS,440
THE_TRAGEDY_OF_KING_LEAR_ANNE,700
THE_TRAGEDY_OF_KING_LEAR_ANTONIO,6337
THE_TRAGEDY_OF_KING_LEAR_ARMADO,10098
THE_TRAGEDY_OF_KING_LEAR_ARRAGON,2731
THE_TRAGEDY_OF_KING_LEAR_BANQUO,3976
THE_TRAGEDY_OF_KING_LEAR_BARDOLPH,862
THE_TRAGEDY_OF_KING_LEAR_BARNARDINE,476
THE_TRAGEDY_OF_KING_LEAR_BASSANIO,11480
THE_TRAGEDY_OF_KING_LEAR_BEROWNE,22794
THE_TRAGEDY_OF_KING_LEAR_BOTTOM,7158
THE_TRAGEDY_OF_KING_LEAR_BOYET,9583
THE_TRAGEDY_OF_KING_LEAR_CAITHNESS,356
THE_TRAGEDY_OF_KING_LEAR_CAIUS,3551
THE_TRAGEDY_OF_KING_LEAR_CHORUS,25
THE_TRAGEDY_OF_KING_LEAR_CLAUDIO,3544
THE_TRAGEDY_OF_KING_LEAR_CLERK,58
THE_TRAGEDY_OF_KING_LEAR_COSTARD,7990
THE_TRAGEDY_OF_KING_LEAR_DEMETRIUS,5318
THE_TRAGEDY_OF_KING_LEAR_DESERVING_A_FAIR_LADY,60
THE_TRAGEDY_OF_KING_LEAR_DOCTOR,1629
THE_TRAGEDY_OF_KING_LEAR_DONALBAIN,263
THE_TRAGEDY_OF_KING_LEAR_DUKE,33907
THE_TRAGEDY_OF_KING_LEAR_DUKE_OF_VENICE,2028
THE_TRAGEDY_OF_KING_LEAR_DULL,1156
THE_TRAGEDY_OF_KING_LEAR_DUMAIN,2802
THE_TRAGEDY_OF_KING_LEAR_DUNCAN,2482
THE_TRAGEDY_OF_KING_LEAR_EGEUS,1480
THE_TRAGEDY_OF_KING_LEAR_ELBOW,2681
THE_TRAGEDY_OF_KING_LEAR_ESCALUS,6537
THE_TRAGEDY_OF_KING_LEAR_EVANS,9076
THE_TRAGEDY_OF_KING_LEAR_FAIRY,1173
THE_TRAGEDY_OF_KING_LEAR_FAIRY_QUEEN,1209
THE_TRAGEDY_OF_KING_LEAR_FALSTAFF,16706
THE_TRAGEDY_OF_KING_LEAR_FENTON,3493
THE_TRAGEDY_OF_KING_LEAR_FIRST_APPARITION,107
THE_TRAGEDY_OF_KING_LEAR_FIRST_FAIRY,197
THE_TRAGEDY_OF_KING_LEAR_FIRST_GENTLEMAN,832
THE_TRAGEDY_OF_KING_LEAR_FIRST_MURTHERER,576
THE_TRAGEDY_OF_KING_LEAR_FIRST_SERVANT,97
THE_TRAGEDY_OF_KING_LEAR_FIRST_WITCH,1784
THE_TRAGEDY_OF_KING_LEAR_FLUTE,900
THE_TRAGEDY_OF_KING_LEAR_FORD,7463
THE_TRAGEDY_OF_KING_LEAR_FORESTER,140
THE_TRAGEDY_OF_KING_LEAR_FRANCISCA,359
THE_TRAGEDY_OF_KING_LEAR_FRIAR,66
THE_TRAGEDY_OF_KING_LEAR_FROTH,233
THE_TRAGEDY_OF_KING_LEAR_GENTLEWOMAN,877
THE_TRAGEDY_OF_KING_LEAR_GOBBO,1095
THE_TRAGEDY_OF_KING_LEAR_GRATIANO,6844
THE_TRAGEDY_OF_KING_LEAR_HECATE,1386
THE_TRAGEDY_OF_KING_LEAR_HELENA,8587
THE_TRAGEDY_OF_KING_LEAR_HERMIA,6257
THE_TRAGEDY_OF_KING_LEAR_HIPPOLYTA,1413
THE_TRAGEDY_OF_KING_LEAR_HOLOFERNES,7110
THE_TRAGEDY_OF_KING_LEAR_HOST,4098
THE_TRAGEDY_OF_KING_LEAR_ISABELLA,14433
THE_TRAGEDY_OF_KING_LEAR_JAQUENETTA,448
THE_TRAGEDY_OF_KING_LEAR_JESSICA,3431
THE_TRAGEDY_OF_KING_LEAR_JULIET,254
THE_TRAGEDY_OF_KING_LEAR_KATHARINE,2056
THE_TRAGEDY_OF_KING_LEAR_KING,11344
THE_TRAGEDY_OF_KING_LEAR_KNOWLEDGE,54
THE_TRAGEDY_OF_KING_LEAR_LADY_MACBETH,8354
THE_TRAGEDY_OF_KING_LEAR_LADY_MACDUFF,1316
THE_TRAGEDY_OF_KING_LEAR_LAUNCELOT,5751
THE_TRAGEDY_OF_KING_LEAR_LENNOX,2459
THE_TRAGEDY_OF_KING_LEAR_LEONARDO,40
THE_TRAGEDY_OF_KING_LEAR_LION,401
THE_TRAGEDY_OF_KING_LEAR_LONGAVILLE,2671
THE_TRAGEDY_OF_KING_LEAR_LORD,843
THE_TRAGEDY_OF_KING_LEAR_LORDS,82
THE_TRAGEDY_OF_KING_LEAR_LORENZO,6754
THE_TRAGEDY_OF_KING_LEAR_LUCIO,10425
THE_TRAGEDY_OF_KING_LEAR_LYSANDER,6179
THE_TRAGEDY_OF_KING_LEAR_MACBETH,27541
THE_TRAGEDY_OF_KING_LEAR_MACDUFF,5858
THE_TRAGEDY_OF_KING_LEAR_MALCOLM,7288
THE_TRAGEDY_OF_KING_LEAR_MAN,21
THE_TRAGEDY_OF_KING_LEAR_MARCADE,109
THE_TRAGEDY_OF_KING_LEAR_MARIA,1329
THE_TRAGEDY_OF_KING_LEAR_MARIANA,2231
THE_TRAGEDY_OF_KING_LEAR_MENTEITH,210
THE_TRAGEDY_OF_KING_LEAR_MESSENGER,957
THE_TRAGEDY_OF_KING_LEAR_MOON,88
THE_TRAGEDY_OF_KING_LEAR_MOONSHINE,86
THE_TRAGEDY_OF_KING_LEAR_MOTH,4971
THE_TRAGEDY_OF_KING_LEAR_MRS,22037
THE_TRAGEDY_OF_KING_LEAR_MURTHERER,144
THE_TRAGEDY_OF_KING_LEAR_NATHANIEL,2069
THE_TRAGEDY_OF_KING_LEAR_NERISSA,1986
THE_TRAGEDY_OF_KING_LEAR_NYM,1103
THE_TRAGEDY_OF_KING_LEAR_OBERON,8641
THE_TRAGEDY_OF_KING_LEAR_OLD_MAN,455
THE_TRAGEDY_OF_KING_LEAR_PAGE,5704
THE_TRAGEDY_OF_KING_LEAR_PETER,1416
THE_TRAGEDY_OF_KING_LEAR_PHILOSTRATE,792
THE_TRAGEDY_OF_KING_LEAR_PISTOL,1821
THE_TRAGEDY_OF_KING_LEAR_POMPEY,5148
THE_TRAGEDY_OF_KING_LEAR_PORTER,718
THE_TRAGEDY_OF_KING_LEAR_PORTIA,17809
THE_TRAGEDY_OF_KING_LEAR_PRINCESS_OF_FRANCE,11957
THE_TRAGEDY_OF_KING_LEAR_PRINCE_OF_MOROCCO,4042
THE_TRAGEDY_OF_KING_LEAR_PROLOGUE,477
THE_TRAGEDY_OF_KING_LEAR_PROVOST,6388
THE_TRAGEDY_OF_KING_LEAR_PUCK,6519
THE_TRAGEDY_OF_KING_LEAR_PYRAMUS,2072
THE_TRAGEDY_OF_KING_LEAR_QUICKLY,8964
THE_TRAGEDY_OF_KING_LEAR_QUINCE,3473
THE_TRAGEDY_OF_KING_LEAR_ROBIN,443
THE_TRAGEDY_OF_KING_LEAR_ROSALINE,6036
THE_TRAGEDY_OF_KING_LEAR_ROSS,4760
THE_TRAGEDY_OF_KING_LEAR_RUGBY,377
THE_TRAGEDY_OF_KING_LEAR_SALERIO,3998
THE_TRAGEDY_OF_KING_LEAR_SECOND_APPARITION,128
THE_TRAGEDY_OF_KING_LEAR_SECOND_FAIRY,143
THE_TRAGEDY_OF_KING_LEAR_SECOND_GENTLEMAN,271
THE_TRAGEDY_OF_KING_LEAR_SECOND_MURTHERER,452
THE_TRAGEDY_OF_KING_LEAR_SECOND_WITCH,717
THE_TRAGEDY_OF_KING_LEAR_SERGEANT,1036
THE_TRAGEDY_OF_KING_LEAR_SERVANT,700
THE_TRAGEDY_OF_KING_LEAR_SERVINGMAN,136
THE_TRAGEDY_OF_KING_LEAR_SEYTON,178
THE_TRAGEDY_OF_KING_LEAR_SHALLOW,4646
THE_TRAGEDY_OF_KING_LEAR_SHYLOCK,13242
THE_TRAGEDY_OF_KING_LEAR_SIMPLE,1494
THE_TRAGEDY_OF_KING_LEAR_SIWARD,1028
THE_TRAGEDY_OF_KING_LEAR_SLENDER,5591
THE_TRAGEDY_OF_KING_LEAR_SNOUT,221
THE_TRAGEDY_OF_KING_LEAR_SNUG,158
THE_TRAGEDY_OF_KING_LEAR_SOLANIO,2768
THE_TRAGEDY_OF_KING_LEAR_SON,785
THE_TRAGEDY_OF_KING_LEAR_STARVELING,156
THE_TRAGEDY_OF_KING_LEAR_STEPHANO,233
THE_TRAGEDY_OF_KING_LEAR_THESEUS,9514
THE_TRAGEDY_OF_KING_LEAR_THIRD_APPARITION,40
THE_TRAGEDY_OF_KING_LEAR_THIRD_MURTHERER,165
THE_TRAGEDY_OF_KING_LEAR_THIRD_WITCH,703
THE_TRAGEDY_OF_KING_LEAR_THISBY,1091
THE_TRAGEDY_OF_KING_LEAR_TITANIA,5874
THE_TRAGEDY_OF_KING_LEAR_TUBAL,447
THE_TRAGEDY_OF_KING_LEAR_WALL,497
THE_TRAGEDY_OF_KING_LEAR_WILLIAM,213
THE_TRAGEDY_OF_KING_LEAR_YOUNG_SIWARD,128
